Method,AUC,Threshold
Total,0.02753761266953843,0.01
Top 5 sites,0.04427027130204583,0.01
Top 10 sites,0.03462556988845524,0.01
