Method,AUC
Total,0.44668285766169613
Top 5 sites,0.2780663780374437
Top 10 sites,0.281708587601821
