Method,AUC,Threshold
Top 10 sites,0.2837813769741341,0.2
Top 5 sites,0.28363866819844435,0.2
Total,0.2771495185293685,0.2
