Method,AUC,Threshold
Top 10 sites,0.025966940475637565,0.05
Top 5 sites,0.025840042096811584,0.05
Total,0.02753761266953843,0.05
