Method,AUC,Threshold
Top 10 sites,0.28196478847410494,0.1
Top 5 sites,0.28617244814176673,0.1
Total,0.2771495185293685,0.1
