Method,AUC
Total,0.2771495185293685
Top 5 sites,0.8072786554928203
Top 10 sites,0.8072786554928203
