Method,AUC
Uniform,0.2771495185293685
Customized,0.20721788314780784
