Method,AUC,Threshold
Total,0.2771495185293685,0.05
Top 5 sites,0.2697576052036228,0.05
Top 10 sites,0.23190029383782396,0.05
