Method,AUC,Threshold
Top 10 sites,0.28225588135396545,0.05
Top 5 sites,0.2846006737263599,0.05
Total,0.2771495185293685,0.05
