Method,AUC
Total,0.2771495185293685
Top 5 sites,0.7312084166815582
Top 10 sites,0.7273612443591323
