Method,AUC,Threshold
Total,0.2771495185293685,0.2
Top 5 sites,0.26971853283056063,0.2
Top 10 sites,0.23259772358392752,0.2
