Method,AUC
Total,0.2771495185293685
Top 5 sites,0.5502020835094952
Top 10 sites,0.4443769102557418
