Method,AUC,Threshold
Top 10 sites,0.03462556988845524,0.05
Top 5 sites,0.044249300387601845,0.05
Total,0.02753761266953843,0.05
