Method,AUC,Threshold
Top 10 sites,0.025930913547465316,0.01
Top 5 sites,0.025859406717703967,0.01
Total,0.02753761266953843,0.01
