Method,AUC,Threshold
Top 10 sites,0.0260075814552345,0.05
Top 5 sites,0.025878912610846273,0.05
Total,0.02753761266953843,0.05
