Method,AUC
Total,0.2771495185293685
Top 5 sites,0.7312084166815581
Top 10 sites,0.7510314169397503
