Method,AUC,Threshold
Total,0.2771495185293685,0.01
Top 5 sites,0.2698805002564626,0.01
Top 10 sites,0.23259772358392752,0.01
