Method,AUC
Total,0.2771495185293685
Top 5 sites,0.6558646079969102
Top 10 sites,0.6529095232213717
