Method,AUC,Threshold
Total,0.02753761266953843,0.05
Top 5 sites,0.04427027130204583,0.05
Top 10 sites,0.03473465259248789,0.05
