Method,AUC,Threshold
Total,0.02753761266953843,0.1
Top 5 sites,0.044056289627113915,0.1
Top 10 sites,0.03444746962586939,0.1
