Method,AUC,Threshold
Total,0.2771495185293685,0.1
Top 5 sites,0.26971853283056063,0.1
Top 10 sites,0.23315243027071775,0.1
