Method,AUC,Threshold
Total,0.2771495185293685,0.2
Top 5 sites,0.2698805002564626,0.2
Top 10 sites,0.23190029383782396,0.2
