Method,AUC,Threshold
Top 10 sites,0.02736482690172784,0.1
Top 5 sites,0.028370945967434703,0.1
Total,0.02753761266953843,0.1
