Method,AUC,Threshold
Top 10 sites,0.282186867990925,0.01
Top 5 sites,0.28430456119773956,0.01
Total,0.2771495185293685,0.01
