FailureToTreatPercentage,UnnecessaryUsePercentage
0.0009600866486687466,0.7386929145314344
0.0018698976705087374,0.7054372039638532
0.0034746762799269305,0.6721815742252543
