FailureToTreatPercentage,UnnecessaryUsePercentage
0.0006606152702112869,0.7418618147723047
0.0016307247126529688,0.7063457217219806
0.0026273460612037053,0.6815256470360012
