FailureToTreatPercentage,UnnecessaryUsePercentage
0.005305452723128404,0.69177920755266
0.008016618438707383,0.6411021839990947
0.011107599540891381,0.6167895536623612
