Site number,Prevalence,Total,UnnecessaryUsePercentage,FailureToTreatPercentage
5,0.0,66582,0.2245802168754318,0.0
5,0.2,66582,0.20720314799795742,0.0
5,0.4,66582,0.13790513952719954,0.012811270313297889
5,0.6000000000000001,66582,0.0059175152443603374,0.08647982938331682
5,0.8,66582,0.0,0.09164639091646391
5,1.0,66582,0.0,0.06955333273257036
