FailureToTreatPercentage,UnnecessaryUsePercentage
0.0005919914644594966,0.7444793805266816
0.0014815144118074978,0.7086736772337089
0.002654262112222959,0.6799179585832296
