FailureToTreatPercentage,UnnecessaryUsePercentage
0.0008946151732165085,0.7376431077127015
0.0018771722788923195,0.7065609693011525
0.003273654601593948,0.6763184823550331
