FailureToTreatPercentage,UnnecessaryUsePercentage
0.005987730160526358,0.6837557186504793
0.008121211141466885,0.641683667695889
0.010820010022793774,0.6203854734153478
